comp_url,reviews,jobs,salaries,interviews,benefits,photos
https://www.glassdoor.com/Salary/Block-Advisors-Salaries-E1451933.htm, 73, 43, 161, 7, 9,
https://www.glassdoor.com/Salary/Cherokee-Nation-Businesses-Salaries-E722705.htm, 252, 167, 318, 16, 123, 5
https://www.glassdoor.com/Salary/DHG-Salaries-E29102.htm, 558, 13, 1.0k, 150, 132, 46
https://www.glassdoor.com/Salary/CLA-CliftonLarsonAllen-Salaries-E466297.htm, 1.1k, 893, 2.1k, 188, 211, 20
https://www.glassdoor.com/Salary/Marcum-LLP-Salaries-E27951.htm, 521, 327, 721, 87, 123, 26
https://www.glassdoor.com/Salary/CohnReznick-Salaries-E37815.htm, 943, 350, 2.0k, 319, 285, 33
https://www.glassdoor.com/Salary/BKD-Salaries-E13970.htm, 791,, 1.3k, 166, 186, 60
https://www.glassdoor.com/Salary/Wipfli-Salaries-E39271.htm, 332, 197, 655, 59, 68, 46
https://www.glassdoor.com/Salary/Baker-Tilly-US-Salaries-E249007.htm, 949,, 1.9k, 273, 196, 7
https://www.glassdoor.com/Salary/American-Bar-Association-Salaries-E5393.htm, 265, 75, 433, 53, 105, 15
https://www.glassdoor.com/Salary/LegalShield-Salaries-E472081.htm, 303, 32, 126, 32, 79, 7
https://www.glassdoor.com/Salary/Notarize-Salaries-E1638005.htm, 161, 2, 67, 28, 35, 33
https://www.glassdoor.com/Salary/Jackson-Lewis-Salaries-E265049.htm, 177, 149, 268, 40, 70, 2
https://www.glassdoor.com/Salary/Morgan-Lewis-Salaries-E3298.htm, 407, 295, 739, 81, 112, 1
https://www.glassdoor.com/Salary/Skadden-Arps-Slate-Meagher-and-Flom-Salaries-E3381.htm, 441, 14, 856, 134, 99, 3
https://www.glassdoor.com/Salary/Dycom-Salaries-E1351.htm, 133, 15, 129, 24, 37,
https://www.glassdoor.com/Salary/ReddyMade-Design-Salaries-E288901.htm, 13,, 16, 1, 5,
https://www.glassdoor.com/Salary/ABC-Legal-Services-Salaries-E264602.htm, 292, 46, 211, 27, 83, 15
https://www.glassdoor.com/Salary/Design-Blitz-Salaries-E712795.htm, 20,, 16, 2, 5,
https://www.glassdoor.com/Salary/WorldWide-Photography-Salaries-E459007.htm, 73,, 68, 9, 15, 2
https://www.glassdoor.com/Salary/Harrison-French-and-Associates-Salaries-E722521.htm, 27, 14, 29, 3, 5,
https://www.glassdoor.com/Salary/Roman-and-Williams-Salaries-E568256.htm, 14,, 28, 7, 6,
https://www.glassdoor.com/Salary/Hollis-and-Miller-Architects-Salaries-E239576.htm, 21,, 19, 4, 14,
https://www.glassdoor.com/Salary/Crowe-Salaries-E9414.htm, 2.3k, 3.0k, 4.0k, 637, 488, 52
https://www.glassdoor.com/Salary/U-S-Legal-Support-Salaries-E7241.htm, 188, 42, 147, 21, 46, 25
https://www.glassdoor.com/Salary/Hogan-Lovells-Salaries-E322733.htm, 671, 322, 815, 153, 192, 8
https://www.glassdoor.com/Salary/Cordell-and-Cordell-Salaries-E770047.htm, 226, 40, 149, 33, 96, 5
https://www.glassdoor.com/Salary/Viget-Labs-Salaries-E152624.htm, 27,, 45, 25, 15, 4
https://www.glassdoor.com/Salary/K-and-L-Gates-Salaries-E3256.htm, 393, 177, 499, 73, 104, 3
https://www.glassdoor.com/Salary/Husch-Blackwell-Salaries-E28391.htm, 136, 25, 169, 34, 40,
https://www.glassdoor.com/Salary/Aptara-Salaries-E15497.htm, 654, 14, 401, 95, 104, 15
https://www.glassdoor.com/Salary/Marshall-Dennehey-Warner-Coleman-and-Goggin-Salaries-E232274.htm, 153, 80, 126, 23, 38, 7
https://www.glassdoor.com/Salary/Foley-and-Lardner-Salaries-E3178.htm, 265, 50, 333, 40, 92,
https://www.glassdoor.com/Salary/Zwicker-and-Associates-Salaries-E688386.htm, 206, 25, 220, 33, 48, 2
https://www.glassdoor.com/Salary/Weil-Gotshal-Salaries-E3434.htm, 232, 3, 546, 64, 72, 2
https://www.glassdoor.com/Salary/Sidley-Austin-Salaries-E3375.htm, 522, 82, 953, 118, 115, 2
https://www.glassdoor.com/Salary/Cherry-Bekaert-Salaries-E31120.htm, 310, 125, 636, 75, 62, 141
https://www.glassdoor.com/Salary/Lexington-Law-Salaries-E145130.htm, 281, 84, 238, 24, 66, 2
https://www.glassdoor.com/Salary/US-Department-of-Labor-Salaries-E31248.htm, 542, 41, 837, 75, 189, 12
https://www.glassdoor.com/Salary/Latham-and-Watkins-Salaries-E3263.htm, 570, 473, 882, 149, 113, 3
comp_url,comp_name,reviews,jobs,salaries,interviews,benefits,photos
https://www.glassdoor.com/Salary/ReddyMade-Design-Salaries-E288901.htm,, 13,, 16, 1, 5,
https://www.glassdoor.com/Salary/LegalShield-Salaries-E472081.htm,, 303, 32, 126, 32, 79, 7
https://www.glassdoor.com/Salary/Viget-Labs-Salaries-E152624.htm,, 27,, 45, 25, 15, 4
https://www.glassdoor.com/Salary/Roman-and-Williams-Salaries-E568256.htm,, 14,, 28, 7, 6,
https://www.glassdoor.com/Salary/Dycom-Salaries-E1351.htm,, 133, 15, 129, 24, 37,
https://www.glassdoor.com/Salary/WorldWide-Photography-Salaries-E459007.htm,, 73,, 68, 9, 15, 2
https://www.glassdoor.com/Salary/Hollis-and-Miller-Architects-Salaries-E239576.htm,, 21,, 19, 4, 14,
https://www.glassdoor.com/Salary/Harrison-French-and-Associates-Salaries-E722521.htm,, 27, 14, 29, 3, 5,
https://www.glassdoor.com/Salary/American-Bar-Association-Salaries-E5393.htm,, 265, 75, 433, 53, 105, 15
https://www.glassdoor.com/Salary/Aptara-Salaries-E15497.htm,, 654, 14, 401, 95, 104, 15
https://www.glassdoor.com/Salary/Jackson-Lewis-Salaries-E265049.htm,, 177, 149, 268, 40, 70, 2
https://www.glassdoor.com/Salary/Notarize-Salaries-E1638005.htm,, 161, 2, 67, 28, 35, 33
https://www.glassdoor.com/Salary/Crowe-Salaries-E9414.htm,, 2.3k, 3.0k, 4.0k, 637, 488, 52
https://www.glassdoor.com/Salary/Morgan-Lewis-Salaries-E3298.htm,, 407, 295, 739, 81, 112, 1
https://www.glassdoor.com/Salary/Zwicker-and-Associates-Salaries-E688386.htm,, 206, 25, 220, 33, 48, 2
https://www.glassdoor.com/Salary/Design-Blitz-Salaries-E712795.htm,, 20,, 16, 2, 5,
https://www.glassdoor.com/Salary/Block-Advisors-Salaries-E1451933.htm,, 73, 43, 161, 7, 9,
https://www.glassdoor.com/Salary/Cherry-Bekaert-Salaries-E31120.htm,, 310, 125, 636, 75, 62, 141
https://www.glassdoor.com/Salary/DHG-Salaries-E29102.htm,, 558, 13, 1.0k, 150, 132, 46
https://www.glassdoor.com/Salary/Marcum-LLP-Salaries-E27951.htm,, 521, 327, 721, 87, 123, 26
https://www.glassdoor.com/Salary/Wipfli-Salaries-E39271.htm,, 332, 197, 655, 59, 68, 46
https://www.glassdoor.com/Salary/BKD-Salaries-E13970.htm,, 791,, 1.3k, 166, 186, 60
https://www.glassdoor.com/Salary/CohnReznick-Salaries-E37815.htm,, 943, 350, 2.0k, 319, 285, 33
https://www.glassdoor.com/Salary/Cherokee-Nation-Businesses-Salaries-E722705.htm,, 252, 167, 318, 16, 123, 5
https://www.glassdoor.com/Salary/CLA-CliftonLarsonAllen-Salaries-E466297.htm,, 1.1k, 893, 2.1k, 188, 211, 20
https://www.glassdoor.com/Salary/Baker-Tilly-US-Salaries-E249007.htm,, 949,, 1.9k, 273, 196, 7
https://www.glassdoor.com/Salary/Cordell-and-Cordell-Salaries-E770047.htm,, 226, 40, 149, 33, 96, 5
https://www.glassdoor.com/Salary/Husch-Blackwell-Salaries-E28391.htm,, 136, 25, 169, 34, 40,
https://www.glassdoor.com/Salary/Skadden-Arps-Slate-Meagher-and-Flom-Salaries-E3381.htm,, 441, 14, 856, 134, 99, 3
https://www.glassdoor.com/Salary/U-S-Legal-Support-Salaries-E7241.htm,, 188, 42, 147, 21, 46, 25
https://www.glassdoor.com/Salary/K-and-L-Gates-Salaries-E3256.htm,, 393, 177, 499, 73, 104, 3
https://www.glassdoor.com/Salary/Hogan-Lovells-Salaries-E322733.htm,, 671, 322, 815, 153, 192, 8
https://www.glassdoor.com/Salary/Marshall-Dennehey-Warner-Coleman-and-Goggin-Salaries-E232274.htm,, 153, 80, 126, 23, 38, 7
https://www.glassdoor.com/Salary/US-Department-of-Labor-Salaries-E31248.htm,, 542, 41, 837, 75, 189, 12
https://www.glassdoor.com/Salary/Foley-and-Lardner-Salaries-E3178.htm,, 265, 50, 333, 40, 92,
https://www.glassdoor.com/Salary/Weil-Gotshal-Salaries-E3434.htm,, 232, 3, 546, 64, 72, 2
https://www.glassdoor.com/Salary/Sidley-Austin-Salaries-E3375.htm,, 522, 82, 953, 118, 115, 2
https://www.glassdoor.com/Salary/ABC-Legal-Services-Salaries-E264602.htm,, 292, 46, 211, 27, 83, 15
https://www.glassdoor.com/Salary/Lexington-Law-Salaries-E145130.htm,, 281, 84, 238, 24, 66, 2
https://www.glassdoor.com/Salary/Latham-and-Watkins-Salaries-E3263.htm,, 570, 473, 882, 149, 113, 3
